name,openset
sample_00000000,"['confused', 'helpless']"
sample_00000007,"['happy', 'satisfied']"
sample_00000021,"['positive', 'satisfied']"
sample_00000033,"['angry', 'confused']"
sample_00000039,"['happy', 'satisfied']"
sample_00000055,"['worry', 'anxiety']"
sample_00000068,"['angry', 'displeased']"
sample_00000070,"['anticipating', 'thinking', 'worried', 'happy', 'serious']"
sample_00000073,"['nervous', 'anxious', 'worried']"
sample_00000114,"['happy', 'relax']"
sample_00000118,"['discontent', 'anxiety']"
sample_00000126,"['slightly anxious', 'thinking', 'focused', 'serious']"
sample_00000153,"['happy', 'relax']"
sample_00000166,"['emotional involvement', 'focus', 'think']"
sample_00000174,"['pressure', 'worry']"
sample_00000176,"['fear', 'worry']"
sample_00000203,"['feeling lost', 'sadness', 'longing']"
sample_00000208,"['happy', 'joyful']"
sample_00000209,"['excited', 'looking forward to']"
sample_00000213,"['surprised', 'worried']"
sample_00000215,"['happy', 'carefree']"
sample_00000218,"['worry', 'anxiety']"
sample_00000220,"['surprised', 'worried']"
sample_00000225,"['confused', 'worried']"
sample_00000227,"['happy', 'joy']"
sample_00000240,"['angry', 'shocked']"
sample_00000246,"['pressure', 'determination', 'focus', 'think']"
sample_00000256,"['disappointment', 'regret']"
sample_00000258,[]
sample_00000276,"['pain', 'sadness', 'loss']"
sample_00000278,['hungry']
sample_00000286,"['depressed', 'disappointed']"
sample_00000294,"['happy', 'positive']"
sample_00000296,"['angry', 'disappointed']"
sample_00000325,"['anger', 'fear']"
sample_00000338,"['worry', 'anxiety']"
sample_00000342,"['shocked', 'surprised']"
sample_00000346,"['confused', 'contradiction']"
sample_00000353,"['nervous', 'anxious']"
sample_00000361,"['seriousness', 'contemplation', 'introspection']"
sample_00000363,"['concern', 'worry']"
sample_00000365,"['angry', 'disappointed']"
sample_00000368,"['confused', 'uneasy']"
sample_00000370,"['discontent', 'disappointed']"
sample_00000385,"['happy', 'satisfied']"
sample_00000388,"['angry', 'depressed']"
sample_00000393,"['support', 'comfort', 'emotional distress']"
sample_00000406,"['shy', 'excited', 'embarrassed']"
sample_00000407,"['entertainment', 'anger', 'shock', 'disgust', 'surprise']"
sample_00000420,"['joyful', 'easy', 'relaxed', 'satisfied', 'happy']"
sample_00000433,"['uncertainty', 'worry']"
sample_00000439,"['confused', 'surprised']"
sample_00000444,"['satisfaction', 'joy']"
sample_00000447,"['nostalgic', 'disappointed']"
sample_00000461,"['sadness', 'heaviness']"
sample_00000476,"['angry', 'hostile', 'anxious', 'depressed']"
sample_00000493,"['negative', 'sad', 'disappointed']"
sample_00000499,"['feeling stressed', 'nervousness', 'anxiety']"
sample_00000502,"['guilty', 'regretful']"
sample_00000508,"['angry', 'depressed']"
sample_00000515,"['angry', 'displeased']"
sample_00000518,"['unease', 'anxiety', 'worry']"
sample_00000519,"['angry', 'depressed']"
sample_00000529,"['anxiety', 'curiosity', 'worry']"
sample_00000535,"['sad', 'troubled', 'disappointed', 'angry']"
sample_00000536,"['emotional stability', 'alertness', 'balance', 'concern']"
sample_00000549,"['confused', 'puzzled']"
sample_00000561,"['satisfaction', 'joy']"
sample_00000569,"['depressed', 'disappointed']"
sample_00000571,"['happiness', 'satisfaction']"
sample_00000601,"['happiness', 'satisfaction']"
sample_00000602,"['thinking', 'uneasy', 'anxious', 'angry', 'depressed']"
sample_00000605,['happy']
sample_00000607,"['happy', 'satisfied']"
sample_00000613,"['confused', 'embarrassed']"
sample_00000623,"['focus', 'relax']"
sample_00000633,"['happy and satisfied', 'positive and friendly']"
sample_00000639,"['impatient', 'bored']"
sample_00000646,"['calm', 'focus']"
sample_00000648,"['annoyed', 'displeased']"
sample_00000653,"['worry', 'concern']"
sample_00000665,"['guilt', 'regret']"
sample_00000668,"['distrust', 'doubt']"
sample_00000669,"['humor', 'banter']"
sample_00000679,"['happy', 'satisfied']"
sample_00000680,"['appreciate', 'thank you']"
sample_00000686,"['positive', 'satisfied']"
sample_00000689,"['excited', 'surprised']"
sample_00000694,"['angry', 'disappointed']"
sample_00000716,"['happiness', 'satisfaction']"
sample_00000727,"['guilt', 'regret']"
sample_00000732,['nostalgia']
sample_00000741,"['guilt', 'anxiety']"
sample_00000774,"['happy', 'joyful']"
sample_00000788,"['alert', 'worry']"
sample_00000808,"['trouble', 'anxiety']"
sample_00000817,"['happy', 'excited', 'satisfied']"
sample_00000823,"['happy', 'excited', 'angry']"
sample_00000839,"['happy', 'positive']"
sample_00000855,"['angry', 'disappointed']"
sample_00000877,"['rest assured', 'satisfied']"
sample_00000881,"['happiness', 'peace']"
sample_00000884,"['hesitation', 'worry']"
sample_00000894,"['helpless', 'disappointed']"
sample_00000906,[]
sample_00000907,"['troubled', 'dissatisfied']"
sample_00000912,"['happy', 'troubled', 'discontent', 'satisfied']"
sample_00000927,"['happy', 'joyful']"
sample_00000956,"['excitement', 'curiosity', 'surprise', 'worry']"
sample_00000958,"['happy', 'grateful', 'satisfied']"
sample_00000960,"['discontent', 'disappointed']"
sample_00000972,"['accept', 'hesitation']"
sample_00000980,"['happy', 'entertainment', 'positive', 'satisfied']"
sample_00000987,"['angry', 'resolute']"
sample_00001000,"['determination', 'focus', 'pressure']"
sample_00001009,"['angry', 'depressed']"
sample_00001025,"['easy', 'relaxed', 'satisfied', 'happy', 'enjoy']"
sample_00001036,"['dissatisfied', 'dedicated', 'serious', 'worried']"
sample_00001039,"['unwilling to communicate with others', 'slight frustration']"
sample_00001043,"['happy', 'positive']"
sample_00001049,"['happy', 'positive']"
sample_00001055,"['play', 'relaxed']"
sample_00001068,"['confused', 'doubtful']"
sample_00001072,"['happy', 'pleased', 'satisfied']"
sample_00001073,"['entertainment', 'satisfaction', 'joy', 'positive', 'happy']"
sample_00001074,"['determination', 'reflection', 'fragile', 'introspection']"
sample_00001089,"['happy', 'satisfied']"
sample_00001090,"['positive emotions', 'satisfaction', 'joy']"
sample_00001097,"['confused', 'uncertain']"
sample_00001101,"['happy', 'satisfied']"
sample_00001110,"['happy', 'satisfied']"
sample_00001116,"['anxiety', 'depressed']"
sample_00001119,['angry']
sample_00001126,"['unfair', 'sadness']"
sample_00001132,"['happy', 'positive']"
sample_00001142,"['unease', 'anxiety']"
sample_00001146,"['confused', 'thinking']"
sample_00001152,"['humorous', 'excited']"
sample_00001155,"['anxiety', 'worry']"
sample_00001156,"['afraid', 'nervous', 'worried']"
sample_00001175,"['positive', 'comfortable', 'relaxed']"
sample_00001176,"['angry', 'disappointed']"
sample_00001178,"['pain', 'sadness']"
sample_00001184,"['confidence', 'relax']"
sample_00001189,"['negative', 'positive', 'disappointed or dissatisfied']"
sample_00001192,"['determination', 'firm']"
sample_00001198,"['angry', 'irritated']"
sample_00001199,['positive']
sample_00001203,[]
sample_00001205,"['anxiety', 'worry']"
sample_00001215,"['frustrated', 'disappointed']"
sample_00001245,"['excited', 'curious', 'surprised', 'unbelieving']"
sample_00001249,"['confused', 'refuse']"
sample_00001255,"['confident', 'positive']"
sample_00001260,['not good']
sample_00001269,"['angry', 'displeased']"
sample_00001282,"['happy', 'satisfied']"
sample_00001286,"['surprise', 'joy', 'worry']"
sample_00001288,"['happy', 'satisfied']"
sample_00001304,"['sad', 'frustrated', 'disappointed']"
sample_00001314,"['slight annoyance', 'disappointment']"
sample_00001327,['neutral']
sample_00001334,"['happy', 'understood', 'acknowledged', 'satisfied']"
sample_00001337,"['warmth', 'satisfaction', 'happy', 'affinity', 'sense of happiness', 'happiness']"
sample_00001340,"['angry', 'irritated', 'depressed']"
sample_00001345,"['angry', 'troubled']"
sample_00001346,"['angry', 'disappointed']"
sample_00001347,"['curious', 'interested', 'positive', 'worried', 'nervous']"
sample_00001350,"['nervous', 'urgent']"
sample_00001354,"['happy', 'satisfied']"
sample_00001371,"['worry', 'anxiety']"
sample_00001378,"['sad', 'disappointed']"
sample_00001383,"['happiness', 'positivity', 'satisfaction']"
sample_00001389,"['complaint', 'dissatisfaction']"
sample_00001393,"['worry', 'anxiety']"
sample_00001411,"['angry', 'annoyed']"
sample_00001416,"['happy', 'satisfied']"
sample_00001421,"['anger', 'freedom', 'satisfaction', 'dissatisfaction']"
sample_00001426,"['not interested', 'alienation']"
sample_00001433,"['happiness', 'excitement', 'satisfaction']"
sample_00001437,"['pain', 'trouble']"
sample_00001440,"['decisive', 'confidence']"
sample_00001453,"['happy', 'satisfied']"
sample_00001455,"['energetic', 'excited', 'confident']"
sample_00001468,"['excited', 'surprised', 'interesting']"
sample_00001492,"['angry', 'disappointed']"
sample_00001500,"['anxiety', 'worry']"
sample_00001515,['angry']
sample_00001521,"['confused', 'worried']"
sample_00001539,"['positive', 'satisfied']"
sample_00001557,"['joy', 'worry', 'sadness', 'passion', 'trouble']"
sample_00001580,"['unease', 'worry']"
sample_00001586,"['grateful', 'satisfied']"
sample_00001589,"['anxiety', 'worry']"
sample_00001614,"['troubled', 'sadness']"
sample_00001619,"['angry', 'uneasy']"
sample_00001620,"['guilty', 'remorseful']"
sample_00001629,[]
sample_00001636,"['relax', 'satisfied']"
sample_00001641,"['angry', 'indignant']"
sample_00001642,"['happy', 'joyful', 'grateful']"
sample_00001652,"['discontent', 'irritable']"
sample_00001655,"['angry', 'hostile']"
sample_00001679,"['confused', 'uncertain', 'anxious']"
sample_00001681,"['angry', 'confused']"
sample_00001693,"['determination', 'pressure', 'anxiety', 'serious', 'focus']"
sample_00001697,"['relax', 'steady']"
sample_00001717,"['appreciative', 'satisfied']"
sample_00001720,"['excited', 'proud']"
sample_00001731,"['resolutely', 'confidence']"
sample_00001732,"['sad', 'concerned', 'thinking']"
sample_00001749,"['confused', 'dissatisfied']"
sample_00001751,"['dissatisfaction', 'refuse']"
sample_00001755,"['confused', 'embarrassed']"
sample_00001756,"['anticipation', 'curiosity', 'fascination']"
sample_00001760,['negative']
sample_00001762,"['angry', 'displeased']"
sample_00001766,"['guilt', 'regret']"
sample_00001774,"[""don't believe"", 'doubt']"
sample_00001776,"['thinking', 'positive', 'strong', 'calm', 'composed']"
sample_00001786,"['powerful', 'positive']"
sample_00001797,"['thinking', 'serious']"
sample_00001807,"['happy', 'positive']"
sample_00001811,"['shocked', 'nervous', 'intense emotions', 'surprised']"
sample_00001817,"['joyful', 'excited', 'relaxed', 'happy', 'comfortable']"
sample_00001823,"['focus', 'worry']"
sample_00001826,"['happy', 'joyful']"
sample_00001832,"['worry', 'anxiety']"
sample_00001841,"['self-blame', 'guilt']"
sample_00001846,"['angry', 'shocked']"
sample_00001868,"['nervous', 'meaningful']"
sample_00001871,"['sad', 'troubled']"
sample_00001890,"['anger', 'fear']"
sample_00001904,"['happy', 'satisfied']"
sample_00001920,"['curious', 'surprised', 'energetic', 'mischievous', 'potentially active']"
sample_00001921,"['eager', 'anxious']"
sample_00001932,"['angry/displeased', 'disappointed/depressed']"
sample_00001942,"['angry', 'frustrated']"
sample_00001946,"['happy', 'joyful']"
sample_00001948,"['happy', 'satisfied']"
sample_00001959,"['pressure', 'sadness']"
sample_00001984,"['happy', 'honored', 'entertainment']"
sample_00002021,"['positive', 'satisfied']"
sample_00002041,"['frustrated', 'exhausted']"
sample_00002055,"['angry', 'surprised']"
sample_00002058,"['anger', 'sadness', 'disgust', 'pain', 'overwhelming pressure']"
sample_00002070,"['tense', 'focused', 'serious', 'determined']"
sample_00002078,"['angry', 'displeased']"
sample_00002087,"['discontent or frustrated', 'calm or neutral']"
sample_00002094,"['care', 'worry']"
sample_00002097,['angry']
sample_00002099,['angry']
sample_00002132,"['energetic', 'excited', 'positive']"
sample_00002142,"['happy', 'positive', 'satisfied']"
sample_00002148,"['warm', 'grateful']"
sample_00002180,"['angry', 'passive', 'confident']"
sample_00002181,"['happy', 'excited']"
sample_00002183,"['happy', 'proud', 'joyful', 'satisfied']"
sample_00002187,"['confused', 'inferior', 'frustrated', 'surprised']"
sample_00002212,"['sad', 'angry', 'depressed']"
sample_00002220,"['self-blame', 'depressed']"
sample_00002223,"['sad', 'shocked']"
sample_00002238,"['thinking', 'heavy']"
sample_00002244,"['angry', 'depressed']"
sample_00002253,"['happy', 'entertainment']"
sample_00002254,"['happy', 'excited']"
sample_00002259,"['happy', 'satisfied']"
sample_00002277,"['calm', 'relax']"
sample_00002280,['anxiety']
sample_00002283,"['angry', 'disappointed']"
sample_00002292,"['anxiety', 'worry']"
sample_00002298,"['angry', 'displeased']"
sample_00002303,"['happy', 'satisfied']"
sample_00002306,"['happy', 'satisfied']"
sample_00002311,"['confession', 'shameful']"
sample_00002316,['angry']
sample_00002325,"['excited', 'looking forward']"
sample_00002329,"['happy', 'relaxed']"
sample_00002337,"['happy', 'sad']"
sample_00002339,"['focused', 'attentive', 'serious']"
sample_00002348,[]
sample_00002374,"['confused', 'nervous', 'displeased']"
sample_00002394,"['angry', 'displeased']"
sample_00002419,"['reflection', 'loneliness', 'contemplation', 'introspection']"
sample_00002420,"['angry', 'displeased']"
sample_00002444,['love-related']
sample_00002448,"['confident', 'positive']"
sample_00002449,"['happy', 'satisfied']"
sample_00002465,"['pressure', 'determination', 'focused', 'serious']"
sample_00002466,['sad']
sample_00002475,"['pain', 'sadness']"
sample_00002476,"['sympathy', 'disappointment', 'sadness', 'concern']"
sample_00002477,"['disappointed', 'deceived']"
sample_00002486,"['confused', 'doubtful']"
sample_00002504,"['confused', 'disappointed']"
sample_00002511,"['angry', 'disappointed']"
sample_00002514,"['sadness', 'focus', 'thinking']"
sample_00002518,['hope']
sample_00002536,"['happy', 'satisfied']"
sample_00002544,"['angry', 'displeased']"
sample_00002550,"['confused', 'contradiction']"
sample_00002563,"['confused', 'displeased']"
sample_00002565,"['unexpected', 'surprised']"
sample_00002666,"['confused', 'surprised']"
sample_00002682,"['anger', 'displeasure', 'concern', 'worry']"
sample_00002684,"['happy', 'satisfied']"
sample_00002709,['angry']
sample_00002758,"['anxiety', 'worry']"
sample_00002783,"['confused', 'uncertain']"
sample_00002785,"['happiness', 'satisfaction']"
sample_00002789,"['angry', 'displeased']"
sample_00002958,['angry']
sample_00002968,"['focused', 'positive', 'willing to help others', 'determined']"
sample_00002977,"['angry', 'displeased', 'disappointed']"
sample_00002982,"['angry', 'depressed']"
sample_00003001,"['happy', 'positive', 'free']"
sample_00003025,"['calm', 'respect', 'worry']"
sample_00003049,"['pressure', 'anxiety']"
sample_00003058,"['happy', 'uncomfortable', 'unsatisfied', 'satisfied']"
sample_00003062,"['happy', 'fun']"
sample_00003084,"['distrust', 'suspicion']"
sample_00003116,"['happy', 'relax']"
sample_00003127,"['confident', 'satisfied']"
sample_00003134,"['angry', 'warning']"
sample_00003159,"['angry', 'indignant']"
sample_00003211,['angry']
sample_00003238,"['dissatisfied', 'disappointed']"
sample_00003239,"['stress', 'uneasy', 'anxious', 'distressed', 'negative']"
sample_00003253,"['happy', 'satisfied']"
sample_00003284,"['surprised', 'worried']"
sample_00003296,"['pain', 'worry', 'fear', 'concern']"
sample_00003298,"['funny', 'annoyed', 'uncomfortable', 'surprised']"
